song_id,zero_crossings,spectral_centroids_mean,spectral_centroids_var,spectral_rolloff_mean,spectral_rolloff_var,tempo,mfcc_1_mean,mfcc_1_var,mfcc_2_mean,mfcc_2_var,mfcc_3_mean,mfcc_3_var,mfcc_4_mean,mfcc_4_var,mfcc_5_mean,mfcc_5_var,mfcc_6_mean,mfcc_6_var,mfcc_7_mean,mfcc_7_var,mfcc_8_mean,mfcc_8_var,mfcc_9_mean,mfcc_9_var,mfcc_10_mean,mfcc_10_var,mfcc_11_mean,mfcc_11_var,mfcc_12_mean,mfcc_12_var,mfcc_13_mean,mfcc_13_var,mfcc_14_mean,mfcc_14_var,mfcc_15_mean,mfcc_15_var,mfcc_16_mean,mfcc_16_var,mfcc_17_mean,mfcc_17_var,mfcc_18_mean,mfcc_18_var,mfcc_19_mean,mfcc_19_var,mfcc_20_mean,mfcc_20_var,category
HipHopParty_0Lk6ud3Z,322016,0.33820350556307444,0.019742271301564213,0.5341184492104961,0.05075145074416992,107.666015625,-48.600746154785156,9772.537109375,90.69718933105469,1867.3642578125,-0.36050328612327576,609.1981811523438,11.645103454589844,278.9432373046875,6.993834972381592,215.22190856933594,6.119128704071045,131.8003692626953,1.5753862857818604,111.7083511352539,6.38555383682251,114.08724212646484,-4.526180744171143,94.75360107421875,8.562938690185547,102.43505096435547,2.146571636199951,101.28814697265625,7.257285118103027,72.85746002197266,0.035036008805036545,64.4400863647461,6.807870864868164,75.6761245727539,-0.26729506254196167,50.150028228759766,4.960868835449219,53.738094329833984,-0.8482357859611511,42.04926300048828,5.581795692443848,67.00184631347656,-1.6429978609085083,60.3242073059082,4.5605034828186035,63.00811767578125,HipHopParty
HipHopParty_15QJDYRz,403563,0.2909295310516984,0.013538417018681905,0.4610506061091649,0.035864560432449774,89.10290948275862,-48.65299987792969,10644.8720703125,86.75568389892578,1184.17236328125,-16.643936157226562,775.5729370117188,8.004737854003906,418.7684020996094,-0.9079775214195251,322.4486999511719,-3.650660276412964,465.3266296386719,-2.016932249069214,261.11328125,-2.9376096725463867,283.67364501953125,-3.632366180419922,199.5732879638672,10.163861274719238,160.23484802246094,-2.089336633682251,150.18064880371094,6.52788782119751,100.76844787597656,-3.1977927684783936,94.8000259399414,0.6382705569267273,93.79927062988281,-4.521935939788818,82.6007308959961,2.2746145725250244,109.91126251220703,-5.147359848022461,121.39181518554688,7.070127010345459,110.74125671386719,3.188023328781128,111.70845031738281,8.925532341003418,112.95220184326172,HipHopParty
HipHopParty_1pV8GlP0,345030,0.2392011095505334,0.014089738085220172,0.3877508628111958,0.03721372503363694,143.5546875,-55.545623779296875,5109.79296875,102.08418273925781,1168.157470703125,4.969136714935303,462.57147216796875,17.726268768310547,294.9568176269531,3.545285940170288,267.10247802734375,4.998846530914307,187.2264404296875,-2.8849480152130127,183.342041015625,7.410384178161621,137.60276794433594,-1.7256436347961426,125.2671890258789,5.419443607330322,122.90419006347656,-3.3092613220214844,118.35913848876953,2.4345786571502686,96.11126708984375,-3.4434237480163574,93.53390502929688,-1.9525461196899414,102.7647476196289,-2.1592986583709717,82.5582504272461,1.6364538669586182,67.89103698730469,-6.246581077575684,77.58231353759766,4.427689552307129,71.52375793457031,-7.5794878005981445,65.84530639648438,-0.1307288110256195,60.35061264038086,HipHopParty
HipHopParty_ap8jB4xK,766908,0.4138141500071611,0.022698835165058846,0.6496007027428328,0.0246762314916397,135.99917763157896,-57.0981330871582,6915.97998046875,32.319114685058594,2584.177734375,3.511357069015503,1223.8160400390625,28.376419067382812,353.51556396484375,9.115592956542969,480.28448486328125,15.874381065368652,224.69703674316406,-6.503622055053711,261.7247619628906,3.446934700012207,356.4688415527344,-5.822872161865234,172.7104949951172,7.068929672241211,528.2129516601562,-2.499849319458008,272.7843017578125,4.310625076293945,185.96322631835938,-8.556533813476562,132.1344451904297,2.0822877883911133,133.08995056152344,1.969805121421814,127.23109436035156,3.3072471618652344,88.69108581542969,-0.10722000151872635,64.79408264160156,5.298786640167236,75.90392303466797,-3.924557685852051,92.7267074584961,5.438780784606934,79.6977767944336,HipHopParty
HipHopParty_azFed99s,306580,0.28167938614858234,0.013231509053831692,0.4662932878614788,0.0424304010786542,129.19921875,-73.71527862548828,7501.00390625,100.4295654296875,1017.5210571289062,-2.0674514770507812,675.4627685546875,10.377813339233398,353.9233703613281,8.058259010314941,276.8759765625,10.421834945678711,157.77578735351562,-1.9636194705963135,163.54283142089844,3.914740562438965,141.176025390625,-1.8151847124099731,111.10218811035156,2.511303186416626,133.86807250976562,-0.9949333071708679,122.43335723876953,4.81175422668457,115.88162231445312,1.2361115217208862,132.96853637695312,0.5095801949501038,79.84688568115234,-4.868563175201416,75.15283203125,1.7408069372177124,81.78496551513672,-7.3036322593688965,83.03125,4.11271858215332,66.1414566040039,-2.9990386962890625,60.480308532714844,2.4110629558563232,58.03837203979492,HipHopParty
HipHopParty_bDp1J2lw,522113,0.33278794417188196,0.014320368121811543,0.48376643606064557,0.03547981650620199,129.19921875,-53.581539154052734,8383.390625,84.4964828491211,1024.451171875,-9.455337524414062,988.0016479492188,14.95192813873291,458.52880859375,1.3325079679489136,328.0199890136719,10.209219932556152,301.14422607421875,6.343923091888428,161.78717041015625,14.363714218139648,161.46261596679688,0.3856070637702942,123.45960235595703,6.029531002044678,123.22786712646484,-2.3404295444488525,144.5963592529297,3.7866599559783936,88.7447280883789,1.2684892416000366,69.11337280273438,7.916943550109863,77.66853332519531,4.101231575012207,78.81473541259766,6.5605950355529785,55.861183166503906,0.7813858389854431,53.78886795043945,5.492880821228027,62.24772262573242,-2.22955322265625,43.97499084472656,3.8475444316864014,68.29705810546875,HipHopParty
HipHopParty_bWvmzgpu,387385,0.33455250859052654,0.014229941101269687,0.590666132827779,0.03340323476208349,103.359375,-40.795616149902344,7862.56884765625,79.28717803955078,769.6660766601562,1.6073405742645264,595.1151123046875,14.28125,336.4771728515625,7.597588539123535,205.29090881347656,2.3941967487335205,241.76991271972656,-0.6067570447921753,171.07887268066406,5.66696834564209,131.18533325195312,0.15927815437316895,147.56858825683594,10.381315231323242,159.22447204589844,-2.413496732711792,120.50674438476562,2.8803491592407227,102.67774963378906,-2.218949317932129,98.49021911621094,3.527005434036255,74.70423126220703,-4.264546871185303,74.25569915771484,2.545527696609497,60.934627532958984,-2.5684573650360107,60.06102752685547,2.3497564792633057,55.0584831237793,-0.29990267753601074,87.6065444946289,5.348099708557129,87.34842681884766,HipHopParty
HipHopParty_cbvLF3Vi,365456,0.28026504494938576,0.01997143584703982,0.39951820203421157,0.049680715703336605,123.046875,-109.61264038085938,8090.08740234375,115.7402572631836,1569.2850341796875,5.645040988922119,540.6421508789062,15.737178802490234,383.32293701171875,15.009098052978516,267.8137512207031,1.5597821474075317,237.01409912109375,2.0395495891571045,227.05035400390625,-1.636216163635254,199.29684448242188,-1.0256561040878296,99.65218353271484,1.945428490638733,102.9334945678711,-6.2159810066223145,90.67850494384766,-0.120082788169384,92.01502990722656,-3.4322144985198975,79.82749938964844,-0.7329205274581909,78.49676513671875,-2.5694994926452637,68.0610122680664,0.544666588306427,72.06941986083984,-4.825356960296631,59.731239318847656,0.7204608917236328,79.02033233642578,-2.460080862045288,69.10660552978516,2.7144992351531982,88.14559173583984,HipHopParty
HipHopParty_cD5X0mnP,234244,0.25100754391750296,0.027699424618854763,0.3831773070614089,0.0770164846473899,143.5546875,-119.9881362915039,13181.3916015625,114.59000396728516,2401.072998046875,13.431978225708008,1014.1648559570312,6.516633987426758,883.8840942382812,-1.2345080375671387,494.76409912109375,-3.3639121055603027,312.6826171875,-3.483025074005127,239.74803161621094,0.45443999767303467,158.68238830566406,-3.9965600967407227,163.55064392089844,7.568919658660889,218.61512756347656,5.51738977432251,171.1634979248047,5.564321041107178,155.1313934326172,-1.9159913063049316,124.57012939453125,0.31602612137794495,141.99166870117188,-1.541744589805603,175.3199005126953,-0.6073163151741028,147.2036590576172,-3.956068992614746,84.97127532958984,5.798275470733643,92.65690612792969,2.42510986328125,99.33145904541016,5.241280555725098,129.7555694580078,HipHopParty
HipHopParty_Dfg9ULEi,246708,0.2654989132819564,0.01792514456340785,0.41799072360454226,0.04302273982438018,135.99917763157896,-91.93704223632812,10826.2021484375,97.11076354980469,1673.7662353515625,1.3648613691329956,829.2029418945312,21.964130401611328,462.4970397949219,7.739562034606934,280.834716796875,10.96176528930664,276.9318542480469,6.783749580383301,236.61058044433594,5.487693786621094,193.16049194335938,-2.8548080921173096,162.1855926513672,15.89545726776123,164.53994750976562,1.6392767429351807,162.0275115966797,11.272223472595215,115.85348510742188,2.337571620941162,91.99591064453125,3.6086106300354004,84.479736328125,-1.4409955739974976,82.0389633178711,3.5306179523468018,80.86222839355469,6.412187099456787,112.81552124023438,7.1232590675354,88.59388732910156,-0.5968085527420044,68.71907043457031,2.0244383811950684,60.69473648071289,HipHopParty
HipHopParty_gl1NZW_Z,395012,0.35223011388533165,0.01659404805163817,0.49783743920912066,0.039556048196749606,117.45383522727273,-90.87036895751953,8847.884765625,87.24325561523438,976.2078857421875,-1.9373185634613037,1022.6594848632812,15.708935737609863,471.7863464355469,8.732017517089844,335.14111328125,8.377659797668457,276.0177001953125,2.5152721405029297,228.43417358398438,11.088155746459961,141.120849609375,-1.7275997400283813,136.9361572265625,10.478961944580078,121.27140808105469,-0.12584780156612396,129.05636596679688,9.9613618850708,106.20701599121094,-1.3171656131744385,86.34944915771484,3.0895349979400635,86.3859634399414,-0.5801142454147339,76.19389343261719,1.9452183246612549,70.88906860351562,-2.225940465927124,63.83115005493164,-0.0880652442574501,64.95679473876953,-8.785213470458984,89.80156707763672,-1.9147067070007324,71.52904510498047,HipHopParty
HipHopParty_joYZFXwe,270953,0.21896919297201173,0.01979402887202766,0.3735251587134608,0.0628116679640445,95.703125,-97.68342590332031,6912.0947265625,121.02784729003906,1490.2476806640625,8.399486541748047,727.477294921875,14.033310890197754,428.8868103027344,11.62419605255127,301.7113037109375,-0.12858353555202484,281.18963623046875,-2.2499964237213135,241.0535888671875,-4.400137901306152,191.4791259765625,-15.017585754394531,169.8657989501953,1.784326195716858,175.97775268554688,-8.634143829345703,162.37051391601562,3.555896282196045,150.33236694335938,-5.0407233238220215,98.23054504394531,-0.4313814640045166,105.68209075927734,-0.47718310356140137,72.2950439453125,5.935094356536865,92.24041748046875,-4.7239508628845215,93.19703674316406,2.996274948120117,84.6989974975586,-7.059391498565674,69.05439758300781,-3.318727970123291,68.39299011230469,HipHopParty
HipHopParty_KfSA8biz,329726,0.2752883801766274,0.017446685617731512,0.45793982403925865,0.04497914347804501,129.19921875,-129.2866668701172,7599.353515625,97.10315704345703,1110.968017578125,1.3416837453842163,847.7318725585938,21.186389923095703,504.411376953125,2.7422962188720703,369.9248352050781,1.017683744430542,397.6251525878906,0.14636348187923431,268.7357482910156,-4.114089012145996,265.8490295410156,0.2441113442182541,206.16314697265625,7.945445537567139,175.43392944335938,-1.6838221549987793,184.5067596435547,8.801862716674805,163.91351318359375,-3.5403215885162354,100.47723388671875,5.748167991638184,94.96395874023438,1.169732928276062,92.10303497314453,-0.20526914298534393,82.84147644042969,-1.2903437614440918,69.70225524902344,2.683366537094116,68.89130401611328,1.3037688732147217,90.05496215820312,4.432864189147949,104.52507019042969,HipHopParty
HipHopParty_mVfBFdzi,759091,0.31814573986055994,0.011961326616761078,0.4961479947128904,0.026497442188967886,83.35433467741936,-29.719533920288086,7745.4482421875,79.47994232177734,556.023681640625,-11.897476196289062,277.9930114746094,9.921359062194824,219.98377990722656,2.2000598907470703,155.45785522460938,-1.2741674184799194,164.8863525390625,-3.318284034729004,116.7066650390625,2.431084156036377,98.624755859375,-8.618122100830078,88.88130187988281,4.839660167694092,81.15343475341797,-4.75898551940918,77.0498275756836,0.11600352078676224,57.8403205871582,-2.747262954711914,55.315643310546875,-0.6599364876747131,62.82590866088867,-3.171806573867798,50.96541213989258,0.2265571504831314,50.00949478149414,-7.2533369064331055,59.75675964355469,3.1666781902313232,42.42428970336914,-5.132212162017822,46.44643783569336,-1.2979776859283447,52.361900329589844,HipHopParty
HipHopParty_NjlmyqLv,261450,0.2365339080117605,0.030238554856097662,0.3747086799718379,0.07151932803721418,99.38401442307692,-158.87966918945312,11140.2158203125,103.18949127197266,2768.10400390625,12.555191993713379,1401.9000244140625,12.186220169067383,765.4661254882812,-1.9354605674743652,700.8692016601562,13.79608154296875,735.2922973632812,-2.884371280670166,296.34039306640625,6.898773193359375,272.42132568359375,1.4416874647140503,277.93475341796875,3.4181182384490967,240.1275634765625,4.597944736480713,283.5497131347656,-0.8285923004150391,192.06507873535156,0.4602758586406708,158.04769897460938,1.886428952217102,121.01831817626953,-0.011753235012292862,107.24644470214844,6.200145721435547,112.18099975585938,-2.674703359603882,70.83802795410156,3.430467128753662,103.2347412109375,-4.043563365936279,97.95252227783203,-1.6350061893463135,98.7179946899414,HipHopParty
HipHopParty_PgQxx9sQ,382109,0.28583545267395066,0.018989305739369904,0.4458951901286684,0.03421839979648718,143.5546875,-96.45624542236328,12036.96875,81.92127990722656,1795.570068359375,-34.2640266418457,1127.1126708984375,11.925070762634277,500.64013671875,-1.3509353399276733,426.70037841796875,5.275793075561523,300.92730712890625,-7.030609130859375,301.63299560546875,7.590457916259766,250.39492797851562,-1.4174880981445312,244.6407012939453,4.321957588195801,186.56857299804688,-3.125668525695801,189.1968231201172,5.7925519943237305,129.25437927246094,0.43024078011512756,165.49781799316406,3.8332104682922363,118.92915344238281,-4.7074713706970215,125.6976547241211,2.612422466278076,88.67998504638672,2.3603503704071045,184.9063720703125,5.466581344604492,111.694580078125,-5.6234564781188965,98.04174041748047,-1.2915326356887817,90.66539001464844,HipHopParty
HipHopParty_pTiZU8mL,394738,0.3331660562524486,0.018761125029530392,0.47523135003605105,0.034668283282425674,107.666015625,-45.92378616333008,8021.81298828125,87.48625183105469,1344.427490234375,-17.558847427368164,675.9301147460938,17.2258243560791,506.4234924316406,4.253928184509277,281.7355651855469,8.367118835449219,255.4606475830078,-4.064692497253418,179.37258911132812,8.193695068359375,168.04136657714844,-2.633021593093872,138.6412353515625,9.028387069702148,114.36593627929688,0.6619536876678467,127.3690414428711,6.5220112800598145,95.12584686279297,0.17035582661628723,81.37932586669922,5.061373233795166,85.65514373779297,0.8140405416488647,66.4285888671875,4.4061198234558105,70.69071197509766,-1.1507724523544312,82.12153625488281,4.279453277587891,69.43576049804688,-2.031259059906006,57.314613342285156,2.804541826248169,57.05931854248047,HipHopParty
HipHopParty_r7Rtzo8g,457944,0.25521986903296073,0.01281372760793975,0.5321340141067481,0.04325405415307317,143.5546875,-94.62372589111328,8799.0751953125,79.88999938964844,1560.17138671875,19.161579132080078,738.6121215820312,15.607850074768066,534.2085571289062,14.354734420776367,428.5924072265625,5.928696155548096,253.25213623046875,-11.95175552368164,364.3390808105469,6.839638710021973,220.32147216796875,-10.616339683532715,213.12254333496094,3.1676344871520996,186.870361328125,-5.846294403076172,159.06748962402344,-1.533045768737793,138.90000915527344,-3.2591869831085205,99.8831558227539,1.365722894668579,106.38236236572266,-1.4085426330566406,118.24323272705078,2.6856775283813477,84.97669219970703,-6.867844104766846,79.16680145263672,2.0891149044036865,81.85595703125,-3.6130969524383545,77.51115417480469,-0.6210331320762634,69.42648315429688,HipHopParty
HipHopParty_rlpoMDqy,460391,0.33823726435651347,0.014433474471986264,0.6073542660226412,0.03527676167476994,161.4990234375,-57.2038459777832,10468.2099609375,71.27349853515625,854.0302124023438,3.630377769470215,459.3081970214844,17.231107711791992,281.8306884765625,8.131421089172363,204.1534423828125,9.219985008239746,216.578857421875,1.7875876426696777,160.7227020263672,7.777960300445557,147.8106689453125,-1.3061589002609253,185.6700897216797,7.269235610961914,89.07530975341797,-1.042229175567627,93.93252563476562,5.149501323699951,63.65582275390625,-0.4719253182411194,63.71249008178711,3.6898012161254883,76.26527404785156,-0.062059272080659866,69.55406951904297,6.835134983062744,69.60865020751953,0.09258908033370972,73.31181335449219,4.130371570587158,59.6812858581543,-1.5336111783981323,63.1502571105957,4.727142810821533,58.26377487182617,HipHopParty
HipHopParty_U9CLyTvH,541257,0.37504520853904233,0.01421161629206306,0.6203704888710513,0.026360606418321036,99.38401442307692,-24.249826431274414,12002.203125,59.95038986206055,898.0263061523438,-6.466843128204346,633.6731567382812,19.54832649230957,370.7964782714844,9.187356948852539,285.3725280761719,10.004798889160156,172.6600799560547,1.202756404876709,135.50157165527344,7.894305229187012,123.30741882324219,1.2745633125305176,126.80767059326172,7.868220806121826,121.79570770263672,-0.8184090852737427,105.86314392089844,4.321525573730469,102.56573486328125,0.3077270984649658,68.64524841308594,7.744813442230225,80.82957458496094,1.9432061910629272,112.53743743896484,8.558162689208984,111.07201385498047,-0.7251635193824768,59.96335983276367,2.5295205116271973,61.88779067993164,-4.027434825897217,58.0475959777832,1.4231106042861938,51.77060317993164,HipHopParty
HipHopParty_UQ3l9-R4,483433,0.35829122587033724,0.02008421681825575,0.5655681156105875,0.031155069846240845,129.19921875,-91.64885711669922,9179.642578125,65.78948974609375,1275.3951416015625,-7.908298492431641,774.95263671875,24.513025283813477,651.599365234375,-0.16413269937038422,539.254150390625,7.766094207763672,364.82867431640625,-4.334257125854492,239.10897827148438,1.6552257537841797,225.74534606933594,-4.737249374389648,210.53306579589844,4.013739585876465,176.65725708007812,-7.904235363006592,174.83746337890625,5.230470180511475,134.4131622314453,-2.2567899227142334,105.06902313232422,2.0291919708251953,122.36322784423828,0.18852168321609497,120.59182739257812,3.3317248821258545,106.08585357666016,-5.489791393280029,95.81497955322266,1.9091734886169434,95.52325439453125,-1.8336577415466309,97.67960357666016,2.801727533340454,88.2228775024414,HipHopParty
HipHopParty_UZ_HRSON,523372,0.330533415089755,0.018535440645269324,0.5110583114638674,0.04589021756350812,99.38401442307692,-56.897735595703125,6692.74658203125,81.30758666992188,1347.4149169921875,-19.643281936645508,682.98193359375,1.6593866348266602,364.98907470703125,-2.002190351486206,359.6304626464844,1.960146188735962,258.238037109375,-3.1447696685791016,261.8089599609375,6.607751369476318,233.27854919433594,-7.577826023101807,191.96896362304688,7.402854919433594,173.89060974121094,-1.7336924076080322,131.47018432617188,1.1182266473770142,105.09519958496094,-2.236237049102783,122.19757080078125,2.1732778549194336,101.8355712890625,-5.252127647399902,124.83821868896484,1.626125693321228,119.17918395996094,-9.053905487060547,78.53759002685547,5.7884931564331055,96.04068756103516,-1.332461953163147,121.44866180419922,-0.130125492811203,77.45667266845703,HipHopParty
HipHopParty_XQ5vEd4t,510328,0.3151404035921785,0.02061614833508778,0.5386712470045804,0.045974532200865864,129.19921875,-83.80459594726562,8795.8544921875,77.23757934570312,1245.027099609375,-6.566599369049072,625.1359252929688,3.267932653427124,385.3684997558594,-0.9322482347488403,260.3559265136719,3.7620303630828857,217.68653869628906,-2.290862560272217,195.15701293945312,9.745192527770996,162.41714477539062,-2.060523748397827,129.68563842773438,8.264293670654297,180.94415283203125,-3.2134697437286377,131.6856689453125,4.492921829223633,124.19528198242188,-1.2468819618225098,113.44778442382812,3.8234450817108154,109.93016052246094,-0.009408442303538322,114.52864074707031,-3.7906856536865234,101.14366912841797,-8.972543716430664,96.02139282226562,2.092197895050049,79.5661849975586,-2.347789764404297,86.62024688720703,5.734036445617676,100.87537384033203,HipHopParty
HipHopParty_zOLeNBKI,383085,0.2703484594993467,0.018776847544686802,0.4807380520807501,0.05206232961624007,92.28515625,-159.14474487304688,10460.3349609375,87.1268539428711,1506.86328125,21.748729705810547,700.1406860351562,20.941701889038086,460.01708984375,8.634725570678711,390.9216003417969,9.876547813415527,240.26646423339844,5.498963832855225,151.53355407714844,7.019430160522461,162.40635681152344,-5.020776748657227,139.38516235351562,1.0212193727493286,114.90274810791016,-0.66893470287323,132.8030548095703,1.468759298324585,110.67343139648438,2.4708850383758545,106.31671905517578,3.976797103881836,79.10211181640625,-0.9777168035507202,81.84563446044922,7.519379138946533,82.8045883178711,-2.2957675457000732,102.92071533203125,2.8550896644592285,77.83202362060547,-0.701264500617981,72.21281433105469,-1.6209017038345337,70.46813201904297,HipHopParty
HipHopParty_ZqBC0q0b,494426,0.2805398126120243,0.011172480483321687,0.5974296495209839,0.035435508930805625,112.34714673913044,-58.69316482543945,11207.1455078125,67.66199493408203,1259.6690673828125,18.875444412231445,680.96435546875,18.401012420654297,359.98333740234375,6.685815811157227,385.09423828125,8.503040313720703,246.4933319091797,2.134064197540283,173.60125732421875,5.0385212898254395,191.42800903320312,-6.281660079956055,288.4680480957031,12.305327415466309,156.14511108398438,-2.8384599685668945,149.6101531982422,3.803212881088257,88.28388977050781,-2.580378293991089,108.54683685302734,5.2766337394714355,97.57198333740234,-0.3570346236228943,89.53966522216797,6.369065284729004,75.82112121582031,-3.076876401901245,88.83875274658203,6.6611247062683105,78.194580078125,0.22399529814720154,100.00542449951172,5.937333106994629,75.4190902709961,HipHopParty
Rock_2KyYMNx0,857840,0.34486577459789647,0.02020813116687173,0.5546089952765132,0.046222468412368295,143.5546875,-161.1440887451172,16133.1220703125,80.04325866699219,922.1222534179688,15.412033081054688,397.5054931640625,35.375343322753906,263.38653564453125,12.132960319519043,140.76304626464844,5.983932971954346,137.9235382080078,0.7503339648246765,84.28871154785156,6.609728813171387,96.97962951660156,0.8221126198768616,77.01439666748047,3.5795512199401855,87.14966583251953,-4.180477619171143,77.20516204833984,3.1289758682250977,68.40255737304688,-0.3787989318370819,66.41560363769531,-1.1913949251174927,75.31776428222656,-6.0006208419799805,71.35537719726562,2.299614429473877,60.121219635009766,-5.549793720245361,58.31875228881836,-2.314013719558716,97.2148666381836,-1.6866326332092285,61.925662994384766,1.1628808975219727,55.00526428222656,Rock
Rock_37DetraU,481067,0.26363838693743297,0.014409541403389813,0.367794230708262,0.028042604126407116,99.38401442307692,-82.19566345214844,8800.4248046875,117.70606231689453,1225.554931640625,-8.192920684814453,555.792236328125,35.77421951293945,184.9269256591797,15.576264381408691,111.6559829711914,5.957914352416992,82.58082580566406,-2.2196097373962402,75.02997589111328,6.456017017364502,50.0924072265625,-7.134541988372803,54.53507995605469,3.424412727355957,75.88878631591797,-5.3468194007873535,56.839111328125,5.776082515716553,49.13670349121094,-5.800075054168701,42.803531646728516,-0.8866637945175171,38.60811233520508,-3.521367311477661,37.21833801269531,-1.9548754692077637,29.909610748291016,-5.923513889312744,39.41475296020508,0.5858876705169678,25.742774963378906,-5.444637775421143,29.675052642822266,-3.140122413635254,34.054664611816406,Rock
Rock_5CpSBRJW,909553,0.2704712713506646,0.011176341359358936,0.38686538635752254,0.038659345171370034,92.28515625,-49.621490478515625,13973.7880859375,75.17305755615234,853.1783447265625,-30.95912742614746,506.66204833984375,21.59646987915039,182.52699279785156,7.438207626342773,85.73912048339844,0.08648146688938141,129.2084503173828,-3.7991726398468018,86.14029693603516,8.719829559326172,82.93425750732422,-3.975142002105713,69.21980285644531,4.515979766845703,50.501705169677734,0.1312827318906784,62.6717414855957,7.293459415435791,55.42646408081055,-6.2403106689453125,64.16815948486328,-0.8713550567626953,60.3957405090332,-3.2326736450195312,57.07276916503906,1.6725282669067383,50.333274841308594,-5.05827522277832,41.43666458129883,0.3996165692806244,41.9481201171875,-3.1931004524230957,45.799034118652344,2.5395846366882324,41.11224365234375,Rock
Rock_9zw0Wj4Z,770572,0.34037976348258253,0.0178849895181674,0.5063343283405067,0.030721745220435536,143.5546875,-7.031557559967041,8416.798828125,79.2346420288086,824.5947875976562,-18.150386810302734,604.4759521484375,21.34821128845215,289.5070495605469,9.00558853149414,215.2111053466797,14.08044719696045,155.11032104492188,-1.3301210403442383,191.353759765625,12.316105842590332,110.47985076904297,-7.109860420227051,120.70687866210938,5.643669605255127,87.44708251953125,-2.8905622959136963,98.99266052246094,1.5204795598983765,76.1212387084961,-4.362816333770752,90.51651000976562,-1.6663308143615723,55.38984298706055,-4.8336920738220215,52.660865783691406,2.637500047683716,52.410743713378906,-8.580429077148438,50.515106201171875,-1.1134599447250366,41.08018493652344,-3.470113515853882,40.74079895019531,-2.347963809967041,44.73719787597656,Rock
Rock_cEgzZDjq,606090,0.43221279443432453,0.009141516404724158,0.5493527574114451,0.017311393927540303,135.99917763157896,-24.55849838256836,7799.8359375,85.11075592041016,504.07122802734375,-18.600200653076172,268.4251403808594,23.66555404663086,192.37530517578125,-2.1779122352600098,107.56874084472656,7.675595760345459,82.46613311767578,-1.2984610795974731,92.47792053222656,7.62792444229126,48.996681213378906,-0.41318023204803467,60.32607650756836,7.7232747077941895,62.34484100341797,-0.5809528231620789,54.673988342285156,-0.1377497762441635,57.99225997924805,-4.189697265625,38.143009185791016,-0.3605271279811859,41.74827194213867,-5.711421012878418,36.131778717041016,-3.397202491760254,49.26444625854492,-7.061540126800537,50.571144104003906,-0.4619129002094269,44.438358306884766,-1.9557015895843506,58.12346649169922,-0.6941124200820923,42.175498962402344,Rock
Rock_DA7RZ92l,317876,0.27026032296876623,0.01635991586920722,0.3935093438774075,0.03350174261879054,123.046875,-103.15602111816406,9745.6552734375,90.26193237304688,715.6419677734375,-7.617005348205566,296.1199035644531,29.284168243408203,174.06710815429688,5.1566996574401855,115.77275848388672,8.933431625366211,67.40599060058594,2.293640613555908,72.72779083251953,-2.0982143878936768,53.80348205566406,-5.16724157333374,75.72454833984375,4.613820552825928,61.27961349487305,-6.512521266937256,55.04050827026367,-0.9904761910438538,59.159637451171875,-3.7309682369232178,57.22018051147461,-1.5313129425048828,55.54475784301758,-6.286976337432861,78.69979095458984,-0.8839593529701233,96.25155639648438,-7.146615028381348,86.00436401367188,-1.9647817611694336,71.06864166259766,-7.362548351287842,100.41151428222656,-0.12937012314796448,57.43476867675781,Rock
Rock_EKY4JY-O,612712,0.3655111673330269,0.010069486653402581,0.5073378064973926,0.021178142476101215,107.666015625,-173.8351287841797,9495.6171875,94.53604888916016,697.21728515625,-11.88567066192627,404.0092468261719,28.9311466217041,194.59547424316406,-1.1503392457962036,104.54722595214844,10.560518264770508,92.93001556396484,-0.9373965263366699,66.92292022705078,3.607916831970215,63.34680938720703,-1.2312281131744385,58.18263244628906,6.464242458343506,65.80121612548828,-4.3642048835754395,56.18704605102539,5.3347883224487305,59.179264068603516,-3.856802225112915,49.60850524902344,-0.732872486114502,45.699127197265625,-3.967320680618286,43.73660659790039,-0.46874117851257324,40.036094665527344,-7.686304569244385,65.33654022216797,0.17397011816501617,80.6444320678711,-1.490370512008667,68.05656433105469,2.642632007598877,46.957550048828125,Rock
Rock_FQeiuXSg,631071,0.22775796834845968,0.00963655406856795,0.2996139361948548,0.021717905315575315,123.046875,-229.85748291015625,14702.578125,115.01276397705078,682.8841552734375,-10.139938354492188,842.18701171875,10.89176082611084,321.6011962890625,10.706146240234375,138.06781005859375,3.202183961868286,121.88899993896484,-2.0413050651550293,98.88439178466797,-0.7708964347839355,82.55887603759766,-5.364142417907715,68.07920837402344,-2.021409273147583,64.64261627197266,-4.955760478973389,69.88457489013672,-1.7027342319488525,60.33911895751953,-1.8472522497177124,56.022056579589844,-0.4946496784687042,51.97761917114258,-3.917144536972046,54.999122619628906,-1.1236010789871216,56.68537521362305,-8.483772277832031,56.59962463378906,0.49713900685310364,48.035072326660156,-4.096809387207031,55.927730560302734,-1.7348889112472534,44.105621337890625,Rock
Rock_HhdN6hUM,719240,0.2637861385081651,0.002654940810618768,0.5123733195449846,0.007423843672848251,117.45383522727273,13.361104011535645,4206.18115234375,74.61508178710938,343.7445983886719,-14.335073471069336,249.6841278076172,29.382413864135742,225.0303497314453,-3.4143993854522705,98.79930114746094,16.035226821899414,85.08328247070312,-0.12816520035266876,82.66527557373047,7.518134593963623,49.99100875854492,-1.1705923080444336,52.43812561035156,5.993542671203613,65.49305725097656,-1.9799710512161255,45.62775802612305,2.481156826019287,56.297691345214844,-3.153939962387085,49.397796630859375,1.6399857997894287,45.74946975708008,-4.37811803817749,34.707923889160156,0.7073349952697754,34.598445892333984,-7.689122200012207,37.69447326660156,3.510148286819458,38.60866165161133,-4.875556468963623,36.47229766845703,-0.5495283603668213,30.270536422729492,Rock
Rock_ifkMQ1jy,695372,0.30030018505980677,0.015936005011617082,0.449333744211652,0.030262437856382683,198.76802884615384,-96.98973083496094,19998.234375,102.7851333618164,1334.964111328125,-15.881524085998535,436.38983154296875,19.389671325683594,207.17276000976562,-6.566000461578369,177.6813507080078,1.9444104433059692,140.7004852294922,3.249070644378662,123.77262878417969,-7.757801532745361,90.07727813720703,-10.135075569152832,86.62541198730469,5.467111587524414,90.75407409667969,-10.331818580627441,97.55213165283203,4.027441501617432,73.87041473388672,-9.919801712036133,76.58979034423828,-0.9152697920799255,58.86021423339844,0.17454616725444794,62.85368347167969,-2.9648118019104004,64.99895477294922,-10.979236602783203,61.43093490600586,-1.0473166704177856,52.320457458496094,-8.367819786071777,57.6270866394043,-3.7138631343841553,54.13823318481445,Rock
Rock_IPbuIHKX,836454,0.271881986855019,0.025188858316692923,0.33520869916629636,0.03846513982205794,129.19921875,-160.45358276367188,11192.08984375,135.54249572753906,2493.58056640625,-13.026089668273926,762.8927001953125,23.78078269958496,375.90557861328125,8.50417423248291,202.60830688476562,5.275676250457764,142.56076049804688,-1.6047642230987549,126.18004608154297,5.9044108390808105,94.27511596679688,-1.6133105754852295,99.83900451660156,2.474358558654785,79.8750228881836,-2.888105630874634,85.62457275390625,1.4552358388900757,68.80034637451172,-4.772002220153809,71.2045669555664,-1.3949702978134155,68.22651672363281,-4.395225524902344,64.0694808959961,-0.8343424201011658,63.461090087890625,-6.277100563049316,70.8018569946289,3.360414505004883,67.65869903564453,-0.7816379070281982,61.34468460083008,1.4935293197631836,74.57213592529297,Rock
Rock_modowl9I,756907,0.24728624186665532,0.014163425911883737,0.40474878326060704,0.030326129724306435,151.99908088235293,-136.05169677734375,8294.08984375,102.12509155273438,802.9793701171875,2.3339338302612305,882.1962280273438,26.078649520874023,298.0815124511719,5.174424648284912,184.8041229248047,7.508258819580078,111.19852447509766,-0.639237642288208,117.2535171508789,6.658736705780029,94.46177673339844,0.016768943518400192,87.84551239013672,1.9546219110488892,89.70578002929688,-4.919116020202637,70.87675476074219,-0.42728284001350403,70.01358032226562,-4.420422554016113,59.116233825683594,2.298746109008789,62.227848052978516,-0.7950817346572876,57.6428108215332,2.230825662612915,62.36037826538086,-4.138757228851318,63.0306282043457,3.6348841190338135,71.8186264038086,-3.2620649337768555,78.5846176147461,4.836528301239014,83.6328353881836,Rock
Rock_nhn4ApPt,1052774,0.3855219264149267,0.010657747338320037,0.5233643090457739,0.021523717342733926,103.359375,-16.741962432861328,6971.98681640625,76.40210723876953,730.1591186523438,-33.89796829223633,1252.9482421875,20.268381118774414,482.5965576171875,-4.066051959991455,154.34571838378906,6.682705402374268,108.0229263305664,-6.444503307342529,98.21678924560547,-1.6739872694015503,87.52645874023438,-4.270930767059326,56.531166076660156,1.8460761308670044,70.24356842041016,-11.224085807800293,64.8700180053711,1.6577125787734985,55.11375045776367,-9.771427154541016,45.748714447021484,-4.03950309753418,40.43038558959961,-8.505880355834961,30.2921199798584,1.3323843479156494,31.940542221069336,-6.300461292266846,41.20523452758789,2.209157943725586,35.088314056396484,-2.491626501083374,39.056243896484375,2.3058173656463623,32.29384994506836,Rock
Rock_NkGlC990,584606,0.23469501994867023,0.012737516463240183,0.3530943798197121,0.03089113047259764,129.19921875,-136.19454956054688,6331.09814453125,118.23828887939453,932.9129028320312,9.911086082458496,278.2616882324219,27.289485931396484,219.1638946533203,3.6032567024230957,156.0817108154297,4.31353235244751,87.65731048583984,1.1196812391281128,56.187095642089844,3.8513684272766113,50.41390609741211,-1.4393051862716675,48.13422393798828,5.242425918579102,50.51911163330078,-3.793114423751831,43.123741149902344,2.2020034790039062,44.77459716796875,-4.689365863800049,41.9036979675293,0.8717660903930664,46.537330627441406,-2.739217519760132,43.83595657348633,2.120455741882324,40.702049255371094,-4.740067958831787,42.5452995300293,4.309591293334961,36.542503356933594,-3.875725746154785,43.349327087402344,-0.9919373393058777,44.1669921875,Rock
Rock_PUjl7vs8,595157,0.33098628761919424,0.01994955519946498,0.4924060688983363,0.03563010986851756,151.99908088235293,-53.62735366821289,14714.119140625,85.79734802246094,1160.0635986328125,-5.335598468780518,477.54736328125,25.35782241821289,309.7410583496094,2.7931602001190186,166.48411560058594,1.5887867212295532,212.27191162109375,-9.659279823303223,190.82366943359375,2.1364614963531494,166.19729614257812,-5.519138336181641,152.39556884765625,4.014112949371338,124.58232879638672,-9.673096656799316,124.2575454711914,0.0048614307306706905,96.09491729736328,-4.375143527984619,80.18923950195312,1.671062707901001,71.70133972167969,0.13960126042366028,50.482181549072266,1.2609474658966064,66.54647827148438,-3.970083475112915,57.97829055786133,2.162848711013794,55.85755920410156,-5.040268421173096,65.11418151855469,-2.050753116607666,56.864505767822266,Rock
Rock_uYn2IBHN,431433,0.36199693438791664,0.02068155106210667,0.47958170399830596,0.03881323532611138,92.28515625,-72.30437469482422,16123.546875,96.41548156738281,1092.65673828125,4.184613227844238,347.6172180175781,23.06056022644043,161.63772583007812,8.624646186828613,181.363525390625,14.997161865234375,101.9718246459961,-0.6915421485900879,96.08505249023438,3.8360562324523926,107.034423828125,-3.4354467391967773,87.8170166015625,-0.3538420498371124,79.81036376953125,-5.7933454513549805,83.48033142089844,0.41633903980255127,78.0371322631836,-1.6700019836425781,80.87469482421875,-4.207441806793213,61.276939392089844,-4.730954170227051,76.79163360595703,-2.6699347496032715,66.0582046508789,-6.821735382080078,60.11760330200195,2.6964762210845947,63.874881744384766,-1.300028681755066,72.62523651123047,2.454667806625366,46.1424560546875,Rock
Rock_yHaKGqdY,558726,0.3145133934494766,0.017594060442840023,0.4788168087092368,0.028079936647240015,83.35433467741936,-22.236005783081055,8142.5869140625,94.62667083740234,1236.17138671875,-10.056984901428223,340.8199768066406,34.56336212158203,151.78167724609375,5.87830924987793,97.9789047241211,15.215165138244629,56.94877243041992,0.30202212929725647,60.548057556152344,8.19208812713623,53.230960845947266,1.6988180875778198,46.63472366333008,5.750811576843262,44.88990020751953,-3.0209615230560303,37.59798049926758,6.619926929473877,37.57308578491211,-3.760075807571411,34.30763626098633,-2.4762353897094727,36.936187744140625,-3.8945350646972656,34.342262268066406,-0.6957747936248779,33.38529586791992,-7.391347408294678,35.66277313232422,3.041048526763916,33.48057556152344,-4.035414695739746,39.8802375793457,0.8175085783004761,27.16947364807129,Rock
Rock_yu6WcOzk,684824,0.2555824745496095,0.013123317686563529,0.3526682608621045,0.023320131029845096,89.10290948275862,-155.9753875732422,10024.220703125,122.57501220703125,790.7220458984375,-14.343399047851562,551.8941040039062,30.497474670410156,192.46054077148438,3.6409034729003906,153.80044555664062,9.021495819091797,105.80828094482422,-1.3157916069030762,96.61824798583984,1.1516597270965576,64.76069641113281,-3.458954095840454,95.82693481445312,4.771927833557129,82.98168182373047,-4.358646869659424,59.84085464477539,3.513472557067871,59.527320861816406,-2.5528666973114014,54.67919921875,1.3466849327087402,52.39097213745117,-3.8622117042541504,58.67629623413086,-3.1999690532684326,50.424903869628906,-7.383790016174316,55.374427795410156,-0.634941041469574,42.515411376953125,-6.145112037658691,53.80623245239258,0.6053346991539001,76.98700714111328,Rock
Rock_YWek5W31,798899,0.31759358140602756,0.006722397480515863,0.48091629498286464,0.017566334426959238,135.99917763157896,-43.32891845703125,10085.3681640625,96.20169067382812,597.9815673828125,-5.070627212524414,297.3257751464844,24.50641632080078,242.94601440429688,6.608747959136963,115.06912231445312,12.558975219726562,78.48267364501953,5.539686679840088,74.19941711425781,8.484451293945312,54.629722595214844,4.96962308883667,57.88644027709961,7.1843791007995605,53.77748489379883,-3.299487352371216,50.80292892456055,5.532846450805664,55.15378952026367,-2.7448923587799072,52.51619338989258,3.3986709117889404,52.088741302490234,-4.4403252601623535,50.433494567871094,3.095363140106201,52.89838409423828,-6.9097113609313965,55.289913177490234,2.9874186515808105,47.26210403442383,-0.9804398417472839,53.79562759399414,3.422746181488037,65.91675567626953,Rock
Rock_ZKY9_R-U,839264,0.4186396937900874,0.008421166686894497,0.6118005417618626,0.015135308667423839,78.30255681818181,15.052021980285645,6128.31201171875,61.04768753051758,417.440673828125,-14.569890022277832,260.08197021484375,26.99596405029297,163.0465087890625,1.2466808557510376,126.9449691772461,12.688811302185059,84.93357849121094,1.8921246528625488,109.47575378417969,8.611907958984375,75.87332916259766,3.0754377841949463,64.74051666259766,11.957423210144043,66.44064331054688,1.740447759628296,51.26422119140625,7.888864040374756,59.18409729003906,-0.24233494699001312,47.2727165222168,1.8880679607391357,45.16150665283203,-0.5347070693969727,39.01819610595703,4.765735149383545,40.16461944580078,-2.4007065296173096,44.423439025878906,4.071752548217773,35.562652587890625,-3.8265717029571533,37.20379638671875,2.268099784851074,41.126869201660156,Rock
Romantic_1xqHQw3J,457915,0.33218564335609,0.029841250067690568,0.50289518400385,0.06580048627878725,89.10290948275862,-64.50826263427734,12606.5302734375,92.6695785522461,2298.853271484375,3.382197856903076,340.9212341308594,15.132736206054688,169.1033935546875,3.4287960529327393,86.02095794677734,7.004065036773682,141.22695922851562,6.753251075744629,94.47151947021484,5.481515884399414,104.28564453125,2.50128436088562,67.54676818847656,4.593075752258301,67.72282409667969,-3.054562568664551,67.23164367675781,2.933622360229492,86.852783203125,0.03938072919845581,81.00891876220703,3.5889782905578613,112.1860580444336,0.4257582128047943,112.55574798583984,7.469048500061035,120.12686920166016,1.5581436157226562,92.5353012084961,3.292315721511841,63.81215286254883,-1.8997564315795898,88.26280975341797,4.083559989929199,125.67826843261719,Romantic
Romantic_6o8JoQ8b,460447,0.26510466895648244,0.02319241507418897,0.45938491789256275,0.05129746382358272,63.02400914634146,-86.15126037597656,8610.6728515625,94.05342864990234,1371.810302734375,15.593626976013184,429.1128234863281,37.15228271484375,326.25543212890625,5.291674613952637,167.4420928955078,7.860286235809326,141.71810913085938,-0.46546703577041626,143.36727905273438,3.9191012382507324,121.42414855957031,-5.945236682891846,113.96650695800781,7.757108211517334,159.69802856445312,-8.132017135620117,82.7376708984375,1.6100234985351562,75.46288299560547,-9.035066604614258,92.8302993774414,-4.996364116668701,114.58285522460938,-3.4422597885131836,79.15697479248047,-1.9335975646972656,66.39447784423828,-9.334493637084961,78.39337921142578,4.72605562210083,70.4004898071289,-3.9413704872131348,63.0108642578125,-1.4754441976547241,73.86180877685547,Romantic
Romantic_C9_s3NUf,462921,0.32556312771290813,0.018422799529314603,0.5341138618440894,0.048855382627016,89.10290948275862,-101.3578109741211,10853.046875,87.9377212524414,1088.9765625,6.535013198852539,772.0879516601562,13.487906455993652,405.4161682128906,10.28282642364502,223.54046630859375,3.155614137649536,307.4908142089844,4.939945697784424,179.13394165039062,2.2723093032836914,236.80043029785156,-1.6250735521316528,193.32420349121094,5.207605838775635,161.881103515625,-11.873196601867676,185.5194854736328,0.7580437660217285,110.83415985107422,-7.867921829223633,113.64985656738281,-0.4135242998600006,106.2195053100586,-2.509023427963257,123.10688781738281,-0.7596644759178162,101.14290618896484,-4.60459566116333,91.98328399658203,0.5553144812583923,126.0840072631836,-5.0855183601379395,101.74955749511719,0.09134258329868317,109.23809814453125,Romantic
Romantic_e1HV3Ubv,475821,0.27722524813221416,0.018002970470742462,0.3983140477013126,0.030861061041923363,92.28515625,-83.93620300292969,8735.2177734375,112.4075698852539,934.0986328125,-0.6423404812812805,327.3688049316406,23.985462188720703,181.81585693359375,5.558437347412109,114.2267837524414,3.8215770721435547,115.82234954833984,2.5861382484436035,87.11183166503906,3.602530002593994,98.27328491210938,-0.3251880705356598,76.9098892211914,-5.525842666625977,108.4258804321289,-5.812076091766357,63.6756477355957,-0.29617297649383545,86.8254623413086,-7.978935241699219,76.26024627685547,1.346648097038269,56.408973693847656,-7.560667991638184,68.93141174316406,-3.621654510498047,66.320068359375,-6.437858581542969,58.07801818847656,-0.23977303504943848,49.84334945678711,-9.336408615112305,63.73309326171875,-0.2271457016468048,61.45998764038086,Romantic
Romantic_Grohf5-o,440448,0.37680601605753034,0.028415097164914048,0.5352936218449594,0.04885127358920428,103.359375,-73.35350799560547,12197.2412109375,90.99235534667969,1336.7945556640625,12.266524314880371,509.8182373046875,21.561534881591797,138.23167419433594,0.8604512810707092,149.50741577148438,11.797453880310059,104.59456634521484,-5.51314640045166,136.2771453857422,6.187863826751709,94.71379089355469,-0.9724814891815186,77.76676177978516,0.4660836160182953,68.07913970947266,3.2727091312408447,64.96858215332031,4.676182746887207,76.07337188720703,2.29651141166687,65.2951431274414,4.866542339324951,72.27241516113281,0.6200575232505798,46.587650299072266,5.272233486175537,54.84828186035156,-2.368201494216919,43.68787384033203,6.193006992340088,43.413917541503906,-1.0113216638565063,39.48242950439453,-0.9200231432914734,53.08171844482422,Romantic
Romantic_H0IRhlNT,411986,0.3682302929190565,0.013237661906075079,0.5091317487838944,0.024602302457955742,129.19921875,-67.57212829589844,10194.01171875,76.47651672363281,654.3043212890625,-6.357961654663086,628.417724609375,22.095876693725586,412.88934326171875,1.3391560316085815,234.37646484375,7.315964221954346,157.87350463867188,7.409358024597168,139.4105682373047,8.665006637573242,141.38929748535156,2.402254343032837,105.5901107788086,6.681088447570801,99.6661148071289,2.743813991546631,67.66870880126953,6.856255531311035,75.89566040039062,-0.3454010784626007,84.83076477050781,5.184624195098877,72.08306121826172,-1.8810054063796997,83.9109878540039,6.2491984367370605,81.94377136230469,1.4578983783721924,94.79522705078125,6.16650390625,92.13582611083984,4.558355808258057,119.09378814697266,8.332326889038086,128.9379119873047,Romantic
Romantic_icJam_5l,435056,0.2672356422115977,0.02037642412615528,0.44342959839204205,0.04497868217374666,129.19921875,-46.158775329589844,9470.8037109375,96.630615234375,1256.8533935546875,1.108028531074524,484.5283508300781,21.696229934692383,330.326416015625,6.992262840270996,190.9774169921875,3.4200806617736816,147.2624053955078,-10.362897872924805,144.73114013671875,0.0978965312242508,148.26052856445312,-12.406942367553711,129.32989501953125,0.02496176026761532,139.6591339111328,-3.2650251388549805,83.0450439453125,3.463197708129883,76.83154296875,-3.292524814605713,67.00518035888672,-1.4431101083755493,82.81057739257812,-1.5404106378555298,65.34021759033203,0.6469771862030029,68.31016540527344,-7.696321964263916,84.53321075439453,3.112210988998413,67.81555938720703,-5.790621280670166,79.40392303466797,0.16106374561786652,67.63275146484375,Romantic
Romantic_idoLJICu,392958,0.2777469369417223,0.01733643982190947,0.451759298169554,0.048636725847929455,123.046875,-97.95401763916016,10072.4814453125,99.29795837402344,1556.6962890625,15.73893928527832,811.4346313476562,29.81646156311035,441.9107971191406,7.210159778594971,255.41751098632812,9.523856163024902,172.2917938232422,-0.736477792263031,201.91726684570312,2.811666965484619,161.2626190185547,-2.65267014503479,121.3072280883789,0.22446683049201965,167.0445556640625,-6.433578968048096,102.23395538330078,-1.1552653312683105,108.99188995361328,-1.8198297023773193,102.95299530029297,-0.9036492705345154,93.27391052246094,-6.305768013000488,106.01018524169922,-3.4179437160491943,95.66477966308594,-10.759913444519043,88.23036193847656,1.3770538568496704,81.75325012207031,-7.963632583618164,114.87195587158203,-1.253901720046997,133.43536376953125,Romantic
Romantic_j8hvJDPs,350219,0.2825910487033809,0.01870183426965968,0.47255710848996185,0.05907662698863473,135.99917763157896,-66.80474853515625,6649.6669921875,106.02289581298828,1273.7281494140625,11.486720085144043,554.4773559570312,10.580550193786621,271.39892578125,15.987221717834473,202.48397827148438,14.602007865905762,253.8527374267578,4.918298244476318,113.91500091552734,11.694110870361328,107.11758422851562,2.586775302886963,97.28776550292969,9.379544258117676,71.18140411376953,3.1663825511932373,63.77314758300781,1.3573521375656128,70.20330810546875,-3.683805465698242,67.17923736572266,0.08157266676425934,62.632080078125,-4.525033950805664,66.44204711914062,-1.9833916425704956,63.132728576660156,-7.125063419342041,80.65780639648438,4.743279457092285,96.62638854980469,-6.100465774536133,84.7532730102539,0.25066742300987244,71.29265594482422,Romantic
Romantic_NcZREsTd,352166,0.27559175361398885,0.021042643257648496,0.42954907978834583,0.054403089175471826,135.99917763157896,-123.24244689941406,10992.189453125,98.77120208740234,1608.3612060546875,13.923739433288574,1025.4041748046875,12.744095802307129,555.2254028320312,5.229921340942383,284.99298095703125,-1.152451753616333,338.821533203125,0.7434537410736084,238.6414031982422,-2.1883742809295654,233.33798217773438,1.2254374027252197,186.7286834716797,-3.08632755279541,154.10052490234375,-6.753981590270996,165.81617736816406,0.2649129629135132,142.73944091796875,-9.671584129333496,135.32046508789062,3.452791213989258,193.89154052734375,-3.785024404525757,141.81834411621094,2.546196699142456,190.6558380126953,-0.587348461151123,171.85289001464844,2.7068545818328857,147.96409606933594,-1.5888091325759888,115.43025970458984,5.241143226623535,134.74378967285156,Romantic
Romantic_Oc72uyuq,348067,0.22086887279596049,0.012868338347435117,0.45957771266685654,0.06371584169210813,143.5546875,-113.9388656616211,13071.8408203125,93.05895233154297,2034.635009765625,23.348970413208008,795.6245727539062,5.889805793762207,629.346435546875,-5.457498550415039,443.3901672363281,-9.228450775146484,569.1130981445312,-15.833389282226562,319.1504211425781,-7.395270824432373,367.44561767578125,-13.606579780578613,222.78578186035156,-2.882124423980713,247.07537841796875,-12.804853439331055,168.2225341796875,-2.168776035308838,171.09852600097656,-6.619081497192383,160.27528381347656,-3.410391330718994,131.69772338867188,-1.1264911890029907,106.11837768554688,2.3237338066101074,121.4156265258789,2.9896512031555176,100.36634063720703,9.966568946838379,102.67254638671875,0.2692508399486542,96.23931884765625,5.347146034240723,79.92048645019531,Romantic
Romantic_oIkcgpup,398908,0.2925678728564501,0.026328085452903664,0.4900987106455306,0.06304151385606635,99.38401442307692,-92.35083770751953,10018.185546875,88.70807647705078,1800.400634765625,-0.24512504041194916,718.4917602539062,-1.2583959102630615,407.1689147949219,7.7242350578308105,288.41571044921875,-3.766249656677246,338.5291748046875,-4.290711879730225,216.19883728027344,1.7135976552963257,200.04638671875,-16.29736328125,243.38394165039062,4.007378101348877,245.04002380371094,-8.370556831359863,244.04718017578125,4.863217830657959,135.70135498046875,-5.901843070983887,135.1265106201172,-1.5512902736663818,156.267822265625,-3.2889134883880615,111.03722381591797,-1.1684703826904297,132.67616271972656,-0.43860843777656555,135.74014282226562,-0.009810073301196098,141.18490600585938,-7.339566230773926,151.4768524169922,0.30803367495536804,114.39649963378906,Romantic
Romantic_P1Ql8Alh,376690,0.30252318618217866,0.017243639738894912,0.4763055535361947,0.04389343832756066,95.703125,-84.42220306396484,11083.556640625,103.46484375,1615.55615234375,14.831351280212402,525.9376220703125,11.889779090881348,363.8080139160156,-4.941562175750732,229.18533325195312,14.600340843200684,167.09341430664062,-9.7802734375,159.7159881591797,5.821731090545654,123.59004974365234,-4.6883344650268555,99.81398010253906,1.2186400890350342,114.70173645019531,2.030085563659668,103.44329071044922,2.5297436714172363,98.2449951171875,-5.4925456047058105,100.71502685546875,1.1745742559432983,95.13550567626953,-5.718513011932373,93.92552947998047,-3.0062928199768066,142.9676971435547,-12.318645477294922,143.5176239013672,0.504164457321167,107.10580444335938,-6.656954765319824,109.01081848144531,-2.1525070667266846,126.52546691894531,Romantic
Romantic_QpDl3QKF,365714,0.358466747668726,0.02674744085298067,0.5088407809697216,0.0345445030184299,86.1328125,-38.60160446166992,9220.3662109375,89.03099060058594,1487.614990234375,6.502137660980225,269.642822265625,36.34572219848633,297.1867980957031,2.1164324283599854,193.3204345703125,16.209754943847656,124.38371276855469,4.460041046142578,94.3148422241211,10.846383094787598,76.81463623046875,0.2870737910270691,68.42079162597656,15.803450584411621,81.07194519042969,4.785918235778809,50.587276458740234,9.581663131713867,56.237422943115234,0.6676072478294373,55.80446243286133,6.147231578826904,54.25705337524414,-4.918660640716553,45.842891693115234,2.1381328105926514,43.95588302612305,-1.2821145057678223,47.170875549316406,5.770486831665039,48.822235107421875,-0.02766367234289646,53.92243957519531,7.047730445861816,67.21658325195312,Romantic
Romantic_QUNHFVVV,672142,0.36749865169980167,0.024585695100513245,0.6103194384996233,0.052026647867408106,95.703125,-66.96903228759766,13958.9140625,77.06932830810547,2242.080810546875,15.460348129272461,688.1509399414062,9.035677909851074,343.6723327636719,2.7164909839630127,215.7955322265625,1.5255544185638428,168.12625122070312,-5.160556316375732,164.19912719726562,0.5814622044563293,111.09339141845703,-5.666412830352783,135.12608337402344,-1.7649033069610596,104.98258972167969,-5.884117603302002,97.55415344238281,-3.038904905319214,89.339599609375,-8.44808578491211,87.72999572753906,-0.24604882299900055,82.91431427001953,-2.391592502593994,73.25399017333984,3.496568441390991,79.93425750732422,-1.3602381944656372,80.73392486572266,2.504728078842163,68.21501922607422,-5.270604610443115,55.6046257019043,-2.9890236854553223,67.05582427978516,Romantic
Romantic_QW2Cc9f_,638288,0.40007790740486804,0.02425930146535742,0.5914961511320331,0.04573797874643631,89.10290948275862,-43.75416946411133,9721.3955078125,64.65177917480469,1532.508056640625,0.4080061614513397,588.7857055664062,14.661245346069336,274.04400634765625,4.320461750030518,159.07296752929688,9.286005020141602,187.12469482421875,0.3849197030067444,119.47016143798828,10.1782808303833,131.47088623046875,2.3306210041046143,119.7767562866211,9.356281280517578,123.11622619628906,-2.3369297981262207,99.6256332397461,1.9505064487457275,84.40674591064453,-2.2749903202056885,91.99390411376953,5.172412395477295,93.84456634521484,2.312753438949585,98.09495544433594,8.0353422164917,101.34859466552734,3.1452138423919678,100.20034790039062,3.2067058086395264,86.43753051757812,-4.806558132171631,82.90296936035156,1.6293244361877441,59.2135009765625,Romantic
Romantic_rhdnRJOM,393702,0.3459524917083129,0.020984498454944288,0.4329918310623009,0.037219740973894515,107.666015625,-74.1325454711914,11205.4130859375,101.8883285522461,1713.839599609375,-11.28034782409668,671.2338256835938,26.003040313720703,409.7531433105469,3.3369548320770264,177.35597229003906,0.7114303708076477,455.50506591796875,7.155747890472412,236.4813690185547,1.7838243246078491,266.8166198730469,0.24587033689022064,131.59402465820312,1.1025508642196655,178.80758666992188,-5.714634418487549,121.174560546875,4.262912273406982,102.99891662597656,-8.64432144165039,145.67288208007812,8.201034545898438,87.98429107666016,0.05191774293780327,108.83194732666016,4.181590557098389,95.96553039550781,1.1083883047103882,84.88819122314453,1.9506255388259888,81.11492156982422,-5.735505104064941,85.4048080444336,0.509504497051239,62.586647033691406,Romantic
Romantic_S3dGvXSb,359391,0.3104680480858032,0.02219528662658343,0.5665511562202912,0.040931695697358314,117.45383522727273,-69.45826721191406,6988.2431640625,79.09495544433594,1224.7864990234375,8.22380256652832,556.925537109375,22.30818748474121,366.566650390625,12.866715431213379,229.51976013183594,11.711225509643555,156.7860107421875,-1.9279654026031494,141.1040802001953,3.01662540435791,160.80262756347656,2.670527458190918,98.20527648925781,6.363119125366211,151.9017333984375,-7.525963306427002,112.17889404296875,4.403985500335693,108.54898071289062,-3.3008477687835693,90.20762634277344,3.2246601581573486,91.85556030273438,-2.8484582901000977,102.6948471069336,2.228170871734619,119.86018371582031,-8.108613014221191,105.5211181640625,-0.28698796033859253,108.48246765136719,-6.712475299835205,88.13275146484375,-0.6759923696517944,82.79108428955078,Romantic
Romantic_SxdL_VN6,380714,0.3138442408935535,0.02385462818009232,0.39855301850349995,0.045993773707932444,89.10290948275862,-100.64820098876953,15073.095703125,117.14827728271484,1967.355712890625,7.161829471588135,403.96795654296875,18.26919174194336,311.1706237792969,8.965055465698242,180.64268493652344,7.992964744567871,150.08956909179688,3.3290576934814453,187.94203186035156,0.09788335859775543,150.8611297607422,-0.5991012454032898,104.48187255859375,-0.031488046050071716,129.21673583984375,0.30248862504959106,107.97052001953125,2.0945401191711426,94.8796615600586,-3.6269421577453613,85.67434692382812,4.077235698699951,92.78562927246094,-0.02980753220617771,69.14032745361328,2.107182741165161,84.30443572998047,-3.662076711654663,92.20707702636719,4.208151340484619,90.6600341796875,-3.3193862438201904,88.12860107421875,3.9828662872314453,84.35489654541016,Romantic
Romantic_VNUBraQs,439319,0.350794733493625,0.03116424773282445,0.5791242384543279,0.05653251920922237,151.99908088235293,-100.29267883300781,7648.943359375,71.75721740722656,1772.7509765625,27.615755081176758,862.0271606445312,19.736347198486328,499.2861328125,4.680697441101074,309.8647766113281,1.157958984375,279.94842529296875,-14.951628684997559,219.95654296875,3.1212167739868164,221.45677185058594,-10.350014686584473,216.40252685546875,0.7594495415687561,155.9943084716797,-11.162760734558105,122.24668884277344,2.5947303771972656,111.5113525390625,-5.891972541809082,99.26516723632812,-1.0576260089874268,106.97994232177734,-1.9581378698349,99.9500732421875,-4.257159233093262,88.7551498413086,-3.3080942630767822,94.14643859863281,0.8502546548843384,93.3338394165039,-7.509842872619629,92.6439437866211,-0.8405829071998596,87.68168640136719,Romantic
Workout_2wFeWCi6,612006,0.4200580879687349,0.01335858984470248,0.591691504583939,0.02527398307266382,172.265625,-28.42047691345215,4855.8349609375,55.42776107788086,975.3604736328125,-18.591676712036133,721.0115966796875,14.998316764831543,419.167724609375,-2.472660541534424,301.74652099609375,3.5609843730926514,286.85589599609375,3.7364046573638916,322.1996154785156,3.2993109226226807,182.58987426757812,3.9117534160614014,247.5087432861328,5.335878849029541,128.9484405517578,-3.405956506729126,117.62220764160156,5.020762920379639,140.4216766357422,-2.6702303886413574,84.23517608642578,6.0483903884887695,74.81568145751953,0.1532924473285675,73.16161346435547,4.21347713470459,98.8927001953125,-3.556624412536621,84.46540832519531,-0.14049680531024933,105.76152801513672,-2.992596387863159,108.88304138183594,7.780916690826416,91.99729919433594,Workout
Workout_4LS-tMcj,431350,0.22251144612911056,0.007280799256187676,0.4460478636466957,0.027191465723741422,129.19921875,-75.3908920288086,9572.7666015625,93.96334075927734,1162.765625,1.7178510427474976,407.6618957519531,22.121854782104492,220.43968200683594,2.0210063457489014,161.66847229003906,7.382892608642578,177.12310791015625,4.216560363769531,191.8397674560547,3.535205841064453,112.51731872558594,-0.2833091616630554,79.65168762207031,7.624410152435303,139.66172790527344,-3.452442169189453,69.88458251953125,6.017236709594727,73.25395965576172,-1.453298807144165,56.5756950378418,2.853447914123535,60.57992935180664,-0.92010897397995,49.75031280517578,4.742813587188721,67.51006317138672,-2.5622613430023193,57.99547576904297,3.0419960021972656,51.159568786621094,-1.776423692703247,49.07259750366211,3.416191577911377,56.5467414855957,Workout
Workout_BeXBcbVK,432160,0.311379758993183,0.011189593192200305,0.49533512372598776,0.025882509179908073,123.046875,-34.74610137939453,9576.3857421875,85.40398406982422,898.2933959960938,-14.208182334899902,400.0099182128906,23.025747299194336,316.48052978515625,6.455410003662109,241.2924346923828,9.736061096191406,156.9485321044922,-6.936356067657471,127.83314514160156,9.339078903198242,111.41827392578125,-3.539586067199707,116.96572875976562,1.1024630069732666,131.8291015625,0.23273280262947083,82.4528579711914,1.0942871570587158,106.55371856689453,1.02006995677948,86.76101684570312,3.1156041622161865,104.63160705566406,0.6578087210655212,78.755859375,6.096625328063965,85.87638854980469,-4.526838779449463,73.98784637451172,-1.1389167308807373,60.06426239013672,-3.2153189182281494,57.851219177246094,-0.13170593976974487,71.0818862915039,Workout
Workout_d6Ons7oC,539170,0.46563496798315585,0.03963898560854675,0.5519749206123247,0.060162268301740096,99.38401442307692,-44.93409729003906,9612.87109375,76.59803009033203,3726.4833984375,-25.834896087646484,839.2429809570312,15.574891090393066,298.1268005371094,4.526741027832031,175.1667938232422,8.110578536987305,167.71022033691406,-2.8284831047058105,205.7815399169922,10.236518859863281,145.8947296142578,0.8174828886985779,97.55631256103516,5.277179718017578,120.17064666748047,0.1840074211359024,79.02560424804688,6.39114236831665,75.81971740722656,-1.1544954776763916,74.88067626953125,5.442614555358887,79.51828002929688,1.2999595403671265,68.21642303466797,6.219595909118652,69.9049301147461,2.308412790298462,63.311283111572266,5.806478023529053,62.305362701416016,-1.1131712198257446,64.6302490234375,2.5002317428588867,55.58082962036133,Workout
Workout_fYTPovvk,547152,0.36632620192981474,0.025971664511831746,0.5028480497640188,0.0380814859795604,143.5546875,-104.3570785522461,11190.3896484375,73.35767364501953,1698.4361572265625,-15.527410507202148,757.744384765625,28.61180305480957,466.162109375,10.836637496948242,288.6134338378906,12.449016571044922,189.40870666503906,-4.684109210968018,204.9399871826172,4.517010688781738,256.60198974609375,-1.6429145336151123,119.30207824707031,12.174331665039062,127.13349151611328,2.8511734008789062,126.50151062011719,10.702105522155762,119.62322235107422,3.125736951828003,83.94063568115234,6.407149791717529,89.21379089355469,3.0418765544891357,63.780235290527344,12.890178680419922,111.09008026123047,4.1552205085754395,75.9221420288086,10.807328224182129,75.81560516357422,3.733400821685791,64.4454574584961,7.100548267364502,61.3165397644043,Workout
Workout_imA9NsUr,407968,0.23571640178812686,0.01576820232006177,0.41302481820971254,0.045657471727654296,99.38401442307692,-106.34520721435547,10195.626953125,106.25834655761719,1793.8209228515625,-1.8655076026916504,988.2117309570312,10.391727447509766,667.9978637695312,0.5371019244194031,362.3396301269531,1.2823760509490967,278.4706115722656,6.521154403686523,176.4585723876953,-3.3421125411987305,203.11412048339844,3.9535293579101562,136.26123046875,1.7351235151290894,110.96770477294922,-3.114983320236206,112.77680969238281,-1.4313231706619263,87.92176055908203,-3.578702449798584,81.42106628417969,-0.7351417541503906,84.05487823486328,-3.7996437549591064,113.8466796875,5.203277587890625,103.12277221679688,1.6143302917480469,117.18602752685547,11.665857315063477,133.6571807861328,3.3866562843322754,111.98029327392578,2.0274109840393066,146.05494689941406,Workout
Workout_IYYZtvGK,526803,0.31816238524491436,0.02531769110342394,0.5089735027570843,0.04543344949548914,161.4990234375,-46.53846740722656,5656.306640625,85.27989959716797,1893.4857177734375,-0.47891512513160706,1062.0712890625,19.1990909576416,462.101318359375,2.4278645515441895,342.3797912597656,7.17914342880249,261.9391784667969,-6.916276931762695,272.9096984863281,4.110838413238525,211.41233825683594,-11.985980033874512,155.2327880859375,2.06319522857666,160.1163330078125,-0.0333549864590168,150.5237274169922,2.4563302993774414,107.67581939697266,-0.5712304711341858,98.80955505371094,3.5568408966064453,88.48919677734375,-1.4172263145446777,71.8837890625,4.725438594818115,68.56227111816406,-7.924258232116699,63.36314010620117,5.12568998336792,60.17588806152344,-4.525121212005615,54.11397171020508,-2.451646566390991,58.564056396484375,Workout
Workout_L5rUdFH-,487396,0.2293220358298373,0.005509491243140169,0.4526286136994282,0.018646168961734506,95.703125,-56.690486907958984,8278.5654296875,83.6902847290039,821.6586303710938,-8.451033592224121,624.7908935546875,25.012069702148438,433.3423767089844,1.929662823677063,188.70452880859375,6.835325241088867,235.8158721923828,3.1561849117279053,145.6260528564453,6.228896141052246,138.02294921875,4.987765312194824,90.89934539794922,9.195677757263184,112.42639923095703,0.5329149961471558,71.62298583984375,6.460914611816406,73.4700698852539,-1.5495268106460571,71.57693481445312,6.134798526763916,53.36040496826172,-0.3513738512992859,48.60463333129883,2.8984830379486084,64.83415985107422,0.2224854826927185,89.78843688964844,4.028412818908691,91.8111572265625,-1.9987527132034302,83.09552001953125,2.320671796798706,97.66952514648438,Workout
Workout_maTdFRZL,395696,0.33754474533288764,0.033467186676542665,0.41970817336116567,0.04239879628983397,129.19921875,-114.02703857421875,11988.9384765625,92.75631713867188,1677.2017822265625,-33.21915054321289,1229.1151123046875,33.941104888916016,560.425048828125,-3.663407325744629,530.84716796875,12.406217575073242,395.2903137207031,3.605039358139038,355.4983215332031,8.1546630859375,260.46026611328125,-2.442188262939453,203.18502807617188,0.033639855682849884,133.2603759765625,-6.582477569580078,139.62179565429688,-5.442080020904541,152.13096618652344,-4.5759196281433105,120.16197967529297,-2.9755542278289795,123.7955322265625,-7.816725254058838,93.67119598388672,-2.164381742477417,93.23780822753906,-2.042282819747925,106.9450912475586,2.3951058387756348,100.64755249023438,1.9012320041656494,90.34129333496094,2.5183422565460205,74.7734603881836,Workout
Workout_MMSnOyFC,529826,0.31333859684376,0.013189147452638803,0.4584876678120202,0.02803962631214416,103.359375,-62.461727142333984,17684.595703125,94.38489532470703,1119.7906494140625,-18.999128341674805,569.2608032226562,27.610776901245117,265.2212829589844,4.581179141998291,203.36996459960938,5.957787990570068,90.19220733642578,0.32021382451057434,97.54462432861328,7.917649269104004,123.34845733642578,4.861036777496338,76.15753173828125,6.97722053527832,86.37347412109375,0.44122451543807983,65.62501525878906,6.146883010864258,60.09409713745117,-2.493908166885376,55.68402099609375,-1.0272221565246582,84.38947296142578,-4.65977144241333,43.49285888671875,1.8251537084579468,50.22429656982422,-4.271122455596924,39.062164306640625,1.9672868251800537,56.26164627075195,-1.850287914276123,38.02519989013672,3.699185609817505,54.18307113647461,Workout
Workout_n2ZJPOlI,370446,0.21988064334178764,0.011535915729461358,0.39711136381049167,0.04145581161374889,143.5546875,-83.0031967163086,15769.58203125,109.75770568847656,2002.729248046875,7.498135089874268,691.2667236328125,24.753284454345703,267.9325866699219,7.67511510848999,152.046630859375,8.703559875488281,133.10391235351562,2.0465991497039795,81.6356201171875,5.412698745727539,131.86074829101562,6.350940227508545,74.2267837524414,3.748621940612793,112.38671875,-2.339393138885498,55.61146545410156,2.7940852642059326,76.56304931640625,-1.5065054893493652,64.60631561279297,7.265625,62.032318115234375,-0.8200727701187134,52.6805419921875,3.2824738025665283,70.53328704833984,-1.1694519519805908,53.984378814697266,2.1323020458221436,71.01300048828125,-2.3687009811401367,47.104427337646484,2.8524584770202637,58.75714874267578,Workout
Workout_oKRLRmub,493000,0.44101928290379844,0.014405931617908015,0.535641119027566,0.020884411030878878,112.34714673913044,1.9473698139190674,10207.2919921875,82.01692962646484,707.453125,-12.804621696472168,309.9667663574219,21.487478256225586,185.42141723632812,0.199154794216156,157.971923828125,7.076786041259766,126.06906127929688,-2.2655601501464844,133.431396484375,6.898871898651123,56.933536529541016,1.3454327583312988,71.44243621826172,7.240339756011963,75.12419891357422,1.0449557304382324,65.6003646850586,5.400710582733154,67.16936492919922,-1.2734272480010986,56.97321701049805,3.88922119140625,60.57902908325195,-2.8370938301086426,48.115779876708984,4.350485801696777,41.72683334350586,-2.012596368789673,42.24565124511719,6.020125389099121,46.979896545410156,1.7286176681518555,48.81047439575195,6.892795562744141,50.00254821777344,Workout
Workout_Paem2Kf1,258712,0.27523094108361185,0.01622789467347597,0.4128820302277518,0.043790586848600904,92.28515625,-83.85481262207031,9594.208984375,103.36162567138672,1273.8265380859375,9.361523628234863,831.8107299804688,26.323619842529297,310.99835205078125,11.416759490966797,141.5448760986328,9.725984573364258,253.70602416992188,9.737533569335938,148.27423095703125,6.160730361938477,106.81867980957031,-4.462170124053955,117.62447357177734,11.350415229797363,106.43152618408203,1.7518484592437744,100.45814514160156,0.3001106381416321,94.86434936523438,2.381284236907959,72.58368682861328,4.573810577392578,84.46366882324219,1.1195247173309326,69.98939514160156,5.4686665534973145,57.4437255859375,-1.6944682598114014,78.33130645751953,4.374512672424316,70.29342651367188,-2.8563616275787354,84.61771392822266,5.845992088317871,76.45246124267578,Workout
Workout_R5s03OsU,348390,0.3629802603392186,0.037698546229568974,0.5795605736016155,0.0720756820329007,161.4990234375,-79.56302642822266,7156.908203125,87.71470642089844,2143.129638671875,34.316158294677734,917.5523071289062,7.869837284088135,551.5820922851562,1.1344610452651978,290.109619140625,6.922427654266357,264.2971496582031,-8.7549467086792,198.75802612304688,3.704995632171631,272.8593444824219,-6.59783935546875,205.15687561035156,2.6284046173095703,156.78135681152344,1.5493414402008057,150.69215393066406,6.040920734405518,119.47728729248047,-4.297517776489258,110.54424285888672,4.372425556182861,164.01202392578125,-3.3235490322113037,100.13577270507812,3.3968188762664795,108.78546142578125,-7.128934383392334,91.76803588867188,2.34537672996521,100.02755737304688,-1.087965726852417,60.62163543701172,4.685125350952148,66.67070770263672,Workout
Workout_uDhiiJL1,428636,0.2592008378038656,0.009009941852359739,0.5501942520352119,0.03720063110661041,123.046875,-60.23822784423828,10182.947265625,74.66326141357422,1370.4788818359375,10.314155578613281,802.697021484375,21.551725387573242,342.29766845703125,13.288533210754395,237.77012634277344,10.314908027648926,210.90402221679688,4.023725986480713,143.23777770996094,6.528778076171875,140.7980499267578,0.04411594942212105,95.77607727050781,8.545439720153809,82.66914367675781,-2.348309278488159,85.11249542236328,5.465230941772461,65.65415954589844,-3.4355618953704834,71.62056732177734,3.541684865951538,63.17950439453125,-2.3489327430725098,62.28146743774414,-0.13675223290920258,70.88639831542969,-1.9781049489974976,78.70698547363281,-0.1089581549167633,80.2498550415039,-3.672870397567749,98.4880599975586,3.082367420196533,131.14425659179688,Workout
Workout_UT7zhBDm,522709,0.3535008704500644,0.0160569373164364,0.6160560900306983,0.030194715408641954,129.19921875,-83.19798278808594,11893.287109375,71.09683990478516,1271.00537109375,5.414361476898193,330.4193420410156,13.899026870727539,262.9210205078125,-0.6511511206626892,109.90199279785156,11.5618257522583,169.99554443359375,-4.226677417755127,275.30413818359375,11.216136932373047,135.04786682128906,-3.1338706016540527,141.2516326904297,7.5141682624816895,117.13921356201172,0.8809032440185547,81.82869720458984,5.719107627868652,98.75228881835938,-1.750346302986145,119.72237396240234,1.5637341737747192,95.8930892944336,-4.127309799194336,84.49564361572266,-0.09868761897087097,55.58356475830078,-1.1420032978057861,53.92134475708008,3.9773221015930176,73.22742462158203,-4.960050106048584,67.43595886230469,-0.002065658336505294,72.27600860595703,Workout
Workout_xYyBa_uS,339258,0.30117607374567823,0.020582863440728016,0.46130234716181273,0.05461747470954204,123.046875,-86.93745422363281,8823.95703125,96.53840637207031,2314.434326171875,-1.644384503364563,1110.080078125,9.218225479125977,726.76611328125,7.569980144500732,417.9692687988281,6.510697841644287,420.5326232910156,-10.836524963378906,319.2055358886719,0.38416239619255066,273.9244384765625,5.290931701660156,209.64413452148438,-2.766831636428833,230.33950805664062,-4.614233493804932,155.4380645751953,0.37892356514930725,113.08297729492188,-7.914112567901611,94.3210220336914,5.459025859832764,116.9790267944336,-0.5162472128868103,99.77477264404297,5.3436279296875,116.94072723388672,6.57399320602417,167.6265106201172,3.1379387378692627,108.035400390625,-1.4837931394577026,117.10687255859375,1.9141275882720947,89.35086822509766,Workout
Workout_YbTdp9kX,370701,0.2793853737969635,0.02727570964876849,0.44428893812746606,0.06640210745962023,117.45383522727273,-110.7073745727539,6389.67236328125,97.77510070800781,1876.219482421875,3.5109567642211914,1188.2515869140625,8.383962631225586,470.498779296875,-1.4688422679901123,331.82342529296875,-3.9918715953826904,358.8534851074219,-9.044195175170898,233.0257568359375,7.008615970611572,224.75543212890625,-5.923305988311768,170.6378631591797,4.932986736297607,150.0401611328125,-5.935520172119141,157.54571533203125,2.3096985816955566,141.15626525878906,4.463323593139648,120.76221466064453,3.704218626022339,149.8641357421875,6.032112121582031,137.57888793945312,3.2769217491149902,94.07829284667969,-9.356209754943848,109.92890167236328,1.7047345638275146,109.79486083984375,-4.996274471282959,99.75885009765625,-0.3427937924861908,104.31553649902344,Workout
Workout_zikdtWU6,241132,0.2883257177681573,0.012781032805722382,0.361481233010575,0.02312668284876899,172.265625,-61.791099548339844,11614.3896484375,115.71778869628906,1154.67431640625,-20.18584632873535,655.1002197265625,26.108741760253906,279.3788757324219,4.635564804077148,187.74050903320312,9.910289764404297,117.4112319946289,1.7248907089233398,130.4407501220703,9.452458381652832,105.79169464111328,1.9061212539672852,115.76245880126953,8.083328247070312,111.79805755615234,4.0423760414123535,78.69991302490234,6.239834308624268,99.56279754638672,2.2758469581604004,68.73956298828125,3.5207550525665283,65.1250991821289,0.22279447317123413,71.08572387695312,6.184426784515381,75.371337890625,-3.5838963985443115,59.333465576171875,0.7821868062019348,57.362308502197266,-1.108331561088562,39.42350387573242,3.8564062118530273,52.49028396606445,Workout
Workout_ZUuTWdQ9,490443,0.3633502075248862,0.02446384563556377,0.5421122164150053,0.05731172714202484,129.19921875,-80.3717269897461,8276.5888671875,87.29825592041016,1252.3961181640625,4.975410461425781,1085.1466064453125,8.693466186523438,387.5719909667969,1.4135875701904297,205.30975341796875,11.833855628967285,226.54421997070312,5.46391487121582,224.33363342285156,12.384234428405762,176.47425842285156,6.340752601623535,139.5012664794922,8.639397621154785,126.37555694580078,0.26435238122940063,86.34284210205078,4.4536356925964355,97.87220001220703,-1.8829454183578491,91.671630859375,6.280666828155518,106.41698455810547,-1.5491492748260498,68.48151397705078,1.149888277053833,52.32103729248047,-4.361888408660889,62.453800201416016,1.705617904663086,58.79574966430664,-1.31434166431427,60.1616096496582,5.312366008758545,85.14408111572266,Workout
